Input Sentence,Output Sentence
"उन्होंने खुद को मोरीओरी कहा , फिर कुछ झड़पें हुईं पर अंत में मोरी ओरी का सफाया हो गया","उन्होंने खुद__को मोरीओरी कहा , फिर कुछ झड़पें हुईं पर अंत__में मोरी__ओरी__का सफाया हो__गया"
"कई दशकों तक शामिल रहने वाले व्यक्तियों ने हमें मुश्किलों और यहाँ तक ​​कि विफलताओं का खुलकर मूल्यांकन करते हुए हमारी ताकत और जुनून की सराहना करने में मदद की . व्यक्तियों को सुनने के दौरान उनके व्यक्तिगत , पारिवारिक और संगठनात्मक कहानियों को साझा करते हुए , हमने अतीत में और कुछ व्यक्तित्वों के बारे में महत्वपूर्ण जानकारी प्राप्त की , जिन्होंने संगठन की संस्कृति को अच्छा या बुरा प्रभावित किया .","कई दशकों__तक शामिल__रहने__वाले व्यक्तियों__ने हमें मुश्किलों और यहाँ__तक ​​कि विफलताओं__का खुलकर मूल्यांकन करते__हुए हमारी ताकत और जुनून__की सराहना करने__में मदद की . व्यक्तियों__को सुनने__के__दौरान उनके व्यक्तिगत , पारिवारिक और संगठनात्मक कहानियों__को साझा__करते__हुए , हमने अतीत__में और कुछ व्यक्तित्वों__के बारे__में महत्वपूर्ण जानकारी प्राप्त__की , जिन्होंने संगठन__की संस्कृति__को अच्छा या बुरा प्रभावित__किया ."
"जब कि किसी के इतिहास को समझना संस्कृति को समझना नहीं माना जाता है , यह लोगों को कम से कम यह समझने में मदद करता है कि वे संगठन के इतिहास में कहाँ हैं . सफलताओं का मूल्यांकन करने और असफलताओं को जानने से , भाग लेने वाला व्यक्ति न सिर्फ़ व्यक्तिगत रूप से बल्कि उसका पूरा व्यक्तित्व मूल्यों , मिशन और संगठन को चालने वाली प्रेरक शक्ति को और अच्छे से जान जाता है .","जब कि किसी__के इतिहास__को समझना संस्कृति__को समझना नहीं माना__जाता__है , यह लोगों__को कम से कम यह समझने__में मदद करता__है कि वे संगठन__के इतिहास__में कहाँ__हैं . सफलताओं__का मूल्यांकन करने और असफलताओं__को जानने__से , भाग__लेने__वाला व्यक्ति न सिर्फ़ व्यक्तिगत रूप__से बल्कि उसका पूरा व्यक्तित्व मूल्यों , मिशन और संगठन__को चालने__वाली प्रेरक शक्ति__को और अच्छे__से जान__जाता__है ."
"इस उदाहरण में , उद्यमी व्यवहार के पिछले उदाहरण की यादों और सफ़लताओं ने , स्थानीय चर्च को नए बदलावों और निर्देशों के साथ खोलने में लोगों की मदद की .","इस उदाहरण__में , उद्यमी__व्यवहार__के पिछले उदाहरण__की यादों और सफ़लताओं__ने , स्थानीय चर्च__को नए बदलावों और निर्देशों__के साथ खोलने__में लोगों__की मदद की ."
"ऐसी सफलता की कहानियों ने भविष्य में बदलाव की दिशा में सकारात्मक झुकाव पैदा करते हुए , बदलाव की आशंकाओं को कम किया .","ऐसी सफलता__की कहानियों__ने भविष्य__में बदलाव__की दिशा__में सकारात्मक झुकाव पैदा__करते__हुए , बदलाव__की आशंकाओं__को कम__किया ."
सम्मिलित सोच समस्या समाधान तकनीक है जो विभिन्न विचारों या क्षेत्रों को एक समाधान खोजने के लिए एकजुट करती है .,सम्मिलित सोच__समस्या समाधान तकनीक है जो विभिन्न विचारों या क्षेत्रों__को एक समाधान खोजने__के__लिए एकजुट__करती__है .
"इस मानसिकता का लक्ष्य गति , तर्क और सटीकता है , तथ्यों की पहचान , मौजूदा तकनीकों को फिर से लागू करना और सूचना एकत्र करना है .","इस मानसिकता__का लक्ष्य गति , तर्क और सटीकता है , तथ्यों__की पहचान , मौजूदा तकनीकों__को फिर से लागू__करना और सूचना एकत्र__करना है ."
इस मानसिकता का सबसे महत्वपूर्ण कारक है : केवल एक ही सही उत्तर है ।,इस मानसिकता__का सबसे महत्वपूर्ण कारक है : केवल एक ही सही उत्तर है ।
आप केवल दो उत्तरों के बारे में सोचते हैं - सही या गलत ।,आप केवल दो उत्तरों__के बारे__में सोचते__हैं - सही या गलत ।
इस तरह की सोच खास विज्ञान या मानक तरीकों से जुड़ी होती है .,इस तरह__की सोच खास विज्ञान या मानक तरीकों__से जुड़ी__होती__है .
"इस तरह की सोच वाले लोग तार्किक सोच रखते हैं , जो पैटर्न को याद रखने , समस्याओं को हल करने और वैज्ञानिक परीक्षणों पर काम करने में सक्षम होते हैं . मानव प्रजाति , दूसरों का दिमाग पढ़ने वाली अब तक की सबसे प्रतिभाशाली प्रजाति है .","इस तरह__की सोच__वाले लोग तार्किक सोच रखते__हैं , जो पैटर्न__को याद रखने , समस्याओं__को हल__करने और वैज्ञानिक परीक्षणों__पर काम करने__में सक्षम होते__हैं . मानव प्रजाति , दूसरों__का दिमाग पढ़ने__वाली अब तक__की सबसे प्रतिभाशाली प्रजाति है ."
"इसका मतलब है कि हम अन्य मनुष्यों की समझ , इरादा , विश्वास , अनुभव या इच्छा का सफलतापूर्वक अनुमान लगाने में सक्षम हैं .","इसका मतलब है कि हम अन्य मनुष्यों__की समझ , इरादा , विश्वास , अनुभव या इच्छा__का सफलतापूर्वक अनुमान लगाने__में सक्षम हैं ."
"इन क्षमताओं के बावजूद , दूसरों के इरादे को समझना महत्वपूर्ण है ।","इन क्षमताओं__के बावजूद , दूसरों__के इरादे__को समझना महत्वपूर्ण है ।"
यह हमें शारीरिक क्रियाओं की संभावित अस्पष्टताओं को हल करने के योग्य बनाता है ।,यह हमें शारीरिक क्रियाओं__की संभावित अस्पष्टताओं__को हल__करने__के__योग्य बनाता__है ।
"उदाहरण के लिए , अगर आप किसी को कार की खिड़की तोड़ते हुए देखते हैं , तो आप शायद समझेंगे कि वह किसी अजनबी की कार चोरी करने की कोशिश कर रहा है .","उदाहरण__के__लिए , अगर आप किसी__को कार__की खिड़की तोड़ते__हुए देखते__हैं , तो आप शायद समझेंगे कि वह किसी अजनबी__की कार चोरी__करने__की कोशिश कर__रहा__है ."
"अगर उसने अपनी कार की चाबी खोई है और वह अपनी ही कार को तोड़ कर खोलने का प्रयास कर रहा , तो उसे अलग तरह से आंका जाना चाहिए ।","अगर उसने अपनी कार__की चाबी खोई__है और वह अपनी ही कार__को तोड़__कर खोलने__का प्रयास कर__रहा , तो उसे अलग तरह__से आंका__जाना__चाहिए ।"
"एमआरआई एक भौतिकी घटना पर आधारित है जिसे परमाणु चुंबकीय अनुनाद ( एनएमआर ) कहा जाता है , जिसकी खोज 1930 के दशक में फ़ेलिक्स बलोच ( स्टैनफ़ोर्ड विश्वविद्यालय में कार्यरत ) और एडवर्ड परसेल ( हार्वर्ड विश्वविद्यालय ) ने की थी .","एमआरआई एक भौतिकी घटना__पर आधारित है जिसे परमाणु__चुंबकीय__अनुनाद ( एनएमआर ) कहा__जाता__है , जिसकी खोज 1930__के दशक__में फ़ेलिक्स__बलोच ( स्टैनफ़ोर्ड__विश्वविद्यालय__में कार्यरत ) और एडवर्ड__परसेल ( हार्वर्ड__विश्वविद्यालय ) ने की__थी ."
"इस अनुनाद में , चुंबकीय क्षेत्र और रेडियो तरंगें परमाणुओं को छोटे रेडियो संकेतों को छोड़ने का कारण बनते हैं . साल 1970 में , मेडिकल डॉक्टर और अनुसंधान वैज्ञानिक रेमंड डेमेडियन ने चिकित्सा निदान के लिए एक उपकरण के रूप में चुंबकीय अनुनाद इमेजिंग का इस्तेमाल करने के लिए आधार की खोज की .","इस अनुनाद__में , चुंबकीय क्षेत्र और रेडियो तरंगें परमाणुओं__को छोटे रेडियो संकेतों__को छोड़ने__का कारण बनते__हैं . साल 1970__में , मेडिकल__डॉक्टर और अनुसंधान__वैज्ञानिक रेमंड__डेमेडियन__ने चिकित्सा निदान__के__लिए एक उपकरण__के__रूप__में चुंबकीय अनुनाद__इमेजिंग__का इस्तेमाल करने__के__लिए आधार__की खोज की ."
"चार साल बाद कोई पेटेंट दिया गया . यह एमआरआई के क्षेत्र में जारी किया गया दुनिया का पहला पेटेंट था . 1977 में , डॉ. डेमेडियन ने सबसे पहले “ पूरे शरीर पर ” एमआरआई स्कैनर की संरचना का निर्माण किया , जिसे उन्होंने “ अदम्य ” नाम दिया .","चार साल बाद कोई पेटेंट दिया__गया . यह एमआरआई__के क्षेत्र__में जारी__किया__गया दुनिया__का पहला पेटेंट था . 1977__में , डॉ.__डेमेडियन__ने सबसे पहले “ पूरे शरीर__पर ” एमआरआई__स्कैनर__की संरचना__का निर्माण किया , जिसे उन्होंने “ अदम्य ” नाम दिया ."
अतुल्यकालिक संचार प्रतिबिंब और दूसरों की प्रतिक्रिया के लिए समय को बढ़ावा देता है .,अतुल्यकालिक संचार प्रतिबिंब और दूसरों__की प्रतिक्रिया__के__लिए समय__को बढ़ावा देता है .
"यह स्टूडेंट्स को अपनी गति से काम करने और प्रशिक्षण संबंधी जानकारी की गति को नियंत्रित करने की अनुमति देता है . इसके अलावा , समय की पाबंदी कम है और अपनी पसंद के अनुसार काम करने के घंटों में बदलाव किया जा सकता . ( ब्रेमर , 1998 )","यह स्टूडेंट्स__को अपनी गति__से काम करने और प्रशिक्षण__संबंधी जानकारी__की गति__को नियंत्रित__करने__की अनुमति देता__है . इसके अलावा , समय__की पाबंदी कम है और अपनी पसंद__के अनुसार काम करने__के घंटों__में बदलाव किया__जा__सकता . ( ब्रेमर__, 1998 )"
इंटरनेट और वर्ल्ड वाइड वेब के उपयोग से शिक्षार्थियों को हर वक्त जानकारी प्राप्त करने की सुविधा मिलती है ।,इंटरनेट और वर्ल्ड__वाइड__वेब__के उपयोग__से शिक्षार्थियों__को हर वक्त जानकारी प्राप्त__करने__की सुविधा मिलती__है ।
"छात्र दिन में कभी भी शिक्षक को सवाल भेज सकते हैं और अगली बार आमने - सामने होने वाली मीटिंग होने तक इंतज़ार करने के बजाय कभी भी अपने सवाल का तुंरत जवाब पा सकते हैं . सीखने के लिए उत्तर आधुनिक पहुँच परम तत्वों से मुक्ति प्रदान करता है . सीखने का इससे अच्छा तरीका कुछ नहीं है . वास्तव में , एक भी अच्छी बात सीखने को नहीं है , सीखना सिखाना तो सीखने वाले और ज्ञान प्रदान करने वाले के बीच के अनुभव से होता है ।","छात्र दिन__में कभी भी शिक्षक__को सवाल भेज__सकते__हैं और अगली बार आमने - सामने होने__वाली मीटिंग होने__तक इंतज़ार करने__के बजाय कभी भी अपने सवाल__का तुंरत जवाब पा__सकते__हैं . सीखने__के__लिए उत्तर आधुनिक पहुँच परम तत्वों__से मुक्ति प्रदान__करता__है . सीखने__का इससे अच्छा तरीका कुछ नहीं है . वास्तव__में , एक भी अच्छी बात सीखने__को नहीं है , सीखना सिखाना तो सीखने__वाले और ज्ञान प्रदान__करने__वाले__के बीच__के अनुभव__से होता__है ।"
हमारा सभी खुद - से - करो और जानकारी प्रस्तुत करने के साथ का हालिया अनुभव सीखने पर आधारित टेलीविज़न शो इस बात को दर्शाता है . हम में से कई लोग खुद को एक टेलीविज़न शो देखते हुए पाते हैं कि जो हमें एक प्रक्रिया या अनुभव से अवगत कराता है जिसमें हम कभी भी भाग नहीं लेंगे या उस ज्ञान को लागू नहीं करेंगे .,हमारा सभी खुद - से - करो और जानकारी प्रस्तुत__करने__के साथ__का हालिया अनुभव सीखने__पर आधारित टेलीविज़न शो इस बात__को दर्शाता__है . हम__में__से कई लोग खुद__को एक टेलीविज़न शो देखते__हुए पाते__हैं कि जो हमें एक प्रक्रिया या अनुभव__से अवगत__कराता__है जिसमें हम कभी भी भाग नहीं लेंगे या उस ज्ञान__को लागू नहीं करेंगे .
"हम कभी भी कार की पूरी जांच और मरम्मत नहीं करेंगे , अपने पीछे के आँगन में फव्वारा नहीं बनाएँगे , प्राचीन खंडहरों को देखने के लिए पेरू की यात्रा नहीं करेंगे , या हमारे पड़ोसी का घर फिर से तैयार नहीं करेंगे ।","हम कभी भी कार__की पूरी जांच और मरम्मत नहीं करेंगे , अपने पीछे__के आँगन__में फव्वारा नहीं बनाएँगे , प्राचीन खंडहरों__को देखने__के__लिए पेरू__की यात्रा नहीं करेंगे , या हमारे पड़ोसी__का घर फिर से तैयार नहीं करेंगे ।"
"यूरोप तक समुद्र के नीचे केबल लिंक और ब्रॉडबैंड उपग्रह का धन्यवाद , ग्रीनलैंड 93 % आबादी के साथ इंटरनेट से अच्छी तरह से जुड़ा हुआ है ।","यूरोप__तक समुद्र__के नीचे केबल__लिंक और ब्रॉडबैंड उपग्रह__का धन्यवाद , ग्रीनलैंड 93 % आबादी__के__साथ इंटरनेट__से अच्छी तरह__से जुड़ा__हुआ__है ।"
आपके होटल या मेज़बान ( अगर आप किसी गेस्ट हाउस या किसी के घर में ठहरे हैं ) के पास वाईफ़ाई या इंटरनेट कनेक्शन वाला कंप्यूटर हो सकता है और आपको सभी जगहों पर इंटरनेट कैफ़े या सार्वजानिक वाईफ़ाई की सुविधा मिलेगी .,आपके होटल या मेज़बान ( अगर आप किसी गेस्ट__हाउस या किसी__के घर__में ठहरे__हैं ) के पास वाईफ़ाई या इंटरनेट__कनेक्शन__वाला कंप्यूटर हो__सकता__है और आपको सभी जगहों__पर इंटरनेट__कैफ़े या सार्वजानिक वाईफ़ाई__की सुविधा मिलेगी .
"जैसा कि ऊपर उल्लेख किया गया है , हालाँकि “ एस्किमो ” शब्द संयुक्त राज्य अमेरिका में स्वीकार्य है , किन्तु इसे कई गैर - अमरीकी आर्कटिक लोगों द्वारा , विशेष रूप से कनाडा में अपमानजनक माना जाता है ।","जैसा कि ऊपर उल्लेख किया__गया__है , हालाँकि “ एस्किमो ” शब्द संयुक्त__राज्य__अमेरिका__में स्वीकार्य है , किन्तु इसे कई गैर - अमरीकी आर्कटिक__लोगों__द्वारा , विशेष रूप__से कनाडा__में अपमानजनक माना__जाता__है ।"
"जब आप ग्रीनलैंडिक मूल निवासी द्वारा प्रयुक्त शब्द सुन सकते हैं , तो इसके उपयोग को विदेशियों से बचना चाहिए ।","जब आप ग्रीनलैंडिक मूल__निवासी__द्वारा प्रयुक्त शब्द सुन__सकते__हैं , तो इसके उपयोग__को विदेशियों__से बचना__चाहिए ।"
ग्रीनलैंड के मूल निवासी खुद को कनाडा में इनुइट और ग्रीनलैंड में कलालीक ( बहुवचन कलालीट ) कहते हैं ।,ग्रीनलैंड__के मूल निवासी खुद__को कनाडा__में इनुइट और ग्रीनलैंड__में कलालीक ( बहुवचन कलालीट ) कहते__हैं ।
"अपराध , और सामान्य तौर पर विदेशियों के प्रति दुर्भावना , ग्रीनलैंड में वस्तुतः अज्ञात है ।","अपराध , और सामान्य तौर__पर विदेशियों__के__प्रति दुर्भावना , ग्रीनलैंड__में वस्तुतः अज्ञात है ।"
यहाँ तक कि कस्बों में भी इस तरह के क्षेत्र नहीं हैं ।” ठंड का मौसम शायद एक मात्र वास्तविक ख़तरा है जिसका सामना बिना तैयारी वालों को करना होगा .,यहाँ तक कि कस्बों__में भी इस तरह__के क्षेत्र नहीं हैं ।” ठंड__का मौसम शायद एक मात्र वास्तविक ख़तरा है जिसका सामना बिना तैयारी__वालों__को करना__होगा .
"यदि आप ठंड के मौसम में ग्रीनलैंड की यात्रा करते हैं ( यह देखते हुए कि आगे आप जितना उत्तर की ओर जाएँगे , उतनी ठंड बढ़ेगी ) , तो पर्याप्त गर्म कपड़े लाना आवश्यक है ।","यदि आप ठंड__के मौसम__में ग्रीनलैंड__की यात्रा करते__हैं ( यह देखते__हुए कि आगे आप जितना उत्तर__की ओर जाएँगे , उतनी ठंड बढ़ेगी ) , तो पर्याप्त गर्म कपड़े लाना आवश्यक है ।"
गर्मियों में बहुत लंबे दिन पर्याप्त नींद और स्वास्थ्य से जुड़ी समस्याओं का कारण हो सकते हैं ।,गर्मियों__में बहुत लंबे दिन पर्याप्त नींद और स्वास्थ्य__से__जुड़ी समस्याओं__का कारण हो__सकते__हैं ।
"गर्मी के दौरान , नॉर्डिक मच्छरों पर भी नज़र रखें . हालाँकि वे किसी भी तरह की बीमारी नहीं फैलाते हैं , फिर भी वे तकलीफ़देह हो सकते हैं .","गर्मी__के दौरान , नॉर्डिक मच्छरों__पर भी नज़र रखें . हालाँकि वे किसी भी तरह__की बीमारी नहीं फैलाते__हैं , फिर भी वे तकलीफ़देह हो__सकते__हैं ."
"जहाँ सैन फ्रांसिस्को की अर्थव्यवस्था उसे विश्व - स्तरीय पर्यटकों के आकर्षण से जोड़े रखती है , वहीं इसकी अर्थव्यवस्था में विविधता है .","जहाँ सैन__फ्रांसिस्को__की अर्थव्यवस्था उसे विश्व - स्तरीय पर्यटकों__के आकर्षण__से जोड़े__रखती__है , वहीं इसकी अर्थव्यवस्था__में विविधता है ."
"सबसे बड़े रोज़गार के क्षेत्र पेशेवर सेवाएँ , सरकारी नौकरी , फ़ाइनेंस , व्यापार और पर्यटन हैं .","सबसे बड़े रोज़गार__के क्षेत्र पेशेवर सेवाएँ , सरकारी नौकरी , फ़ाइनेंस , व्यापार और पर्यटन हैं ."
"संगीत , फ़िल्मों , साहित्य और लोकप्रिय संस्कृति के लगातार प्रस्तुतिकरण ने शहर और इसकी खास जगहों को दुनिया भर में मशहूर करने में मदद की है . सैन फ़्रांसिस्को ने कई होटल , रेस्टोरेंट , और सर्वोत्तम सम्मेलन की सुविधाओं के साथ एक बड़ा पर्यटक बुनियादी ढाँचा विकसित किया है .","संगीत , फ़िल्मों , साहित्य और लोकप्रिय संस्कृति__के लगातार प्रस्तुतिकरण__ने शहर और इसकी खास जगहों__को दुनिया भर__में मशहूर__करने__में मदद की__है . सैन__फ़्रांसिस्को__ने कई होटल , रेस्टोरेंट , और सर्वोत्तम सम्मेलन__की सुविधाओं__के साथ एक बड़ा पर्यटक बुनियादी ढाँचा विकसित__किया__है ."
"दूसरे एशियाई पकवान , जैसे कि कोरियाई , थाई , भारतीय और जापानी के लिए , देश की सबसे अच्छी जगहों में से सैन फ़्रांसिस्को भी एक है . वॉल्ट डिज़्नी वर्ल्ड की यात्रा कई अमेरिकी परिवारों के लिए एक मुख्य तीर्थ यात्रा की तरह होती है .","दूसरे एशियाई पकवान , जैसे कि कोरियाई , थाई , भारतीय और जापानी__के__लिए , देश__की सबसे अच्छी जगहों__में__से सैन__फ़्रांसिस्को भी एक है . वॉल्ट__डिज़्नी__वर्ल्ड__की यात्रा कई अमेरिकी परिवारों__के__लिए एक मुख्य तीर्थ__यात्रा__की तरह होती__है ."
"विशिष्ट यात्रा में ऑरलैंडो अंतर्राष्ट्रीय हवाई अड्डे पर उड़ान भरना , एक ऑन - साइट डिज़्नी होटल में बस से ले जाना , डिज़्नी इलाके को छोड़े बिना करीब एक सप्ताह बिताना और घर वापस आना शामिल है . वहां पर अलग - अलग तरह की अनंत संभावनाएं हैं , लेकिन ये तब समझ में आता है जब “ डिज़नीवर्ल्ड में जाने ” के बारे में बात करने अधिकांश लोग वहां पहुंचते हैं .","विशिष्ट यात्रा__में ऑरलैंडो__अंतर्राष्ट्रीय__हवाई__अड्डे__पर उड़ान भरना , एक ऑन - साइट डिज़्नी__होटल__में बस__से ले__जाना , डिज़्नी__इलाके__को छोड़े__बिना करीब एक सप्ताह बिताना और घर वापस__आना शामिल है . वहां__पर अलग - अलग तरह__की अनंत संभावनाएं हैं , लेकिन ये तब समझ__में__आता__है जब “ डिज़नीवर्ल्ड__में जाने ” के बारे__में बात__करने अधिकांश लोग वहां पहुंचते__हैं ."
ईबे या क्रेगलिस्ट जैसी नीलामी वेबसाइटों के माध्यम से ऑनलाइन बेचे जाने वाले कई टिकट आंशिक रूप से उपयोग किये गए बहु - दिवसीय पार्क - हॉपर टिकट होते हैं ।,ईबे या क्रेगलिस्ट__जैसी नीलामी__वेबसाइटों__के__माध्यम__से ऑनलाइन बेचे__जाने__वाले कई टिकट आंशिक रूप__से उपयोग__किये__गए बहु - दिवसीय पार्क__-__हॉपर टिकट होते__हैं ।
"हालाँकि यह एक बहुत ही सामान्य गतिविधि है , यह डिज्नी द्वारा निषिद्ध है : टिकट किसी और को नहीं दिया जा सकता ।","हालाँकि यह एक बहुत ही सामान्य गतिविधि है , यह डिज्नी__द्वारा निषिद्ध है : टिकट किसी और__को नहीं दिया__जा__सकता ।"
ग्रैंड कैन्यन में रिम ​​के नीचे किसी भी शिविर को बैककंट्री परमिट की ज़रूरत होती है .,ग्रैंड__कैन्यन__में रिम__​​के नीचे किसी भी शिविर__को बैककंट्री__परमिट__की ज़रूरत होती__है .
"परमिट सिर्फ कैन्यन की सुरक्षा तक ही सीमित होते हैं . ये शुरू होने वाले महीने से चार महीने पहले , महीने के 1 दिन उपलब्ध हो जाते हैं .","परमिट सिर्फ कैन्यन__की सुरक्षा__तक ही सीमित होते__हैं . ये शुरू__होने__वाले महीने__से चार महीने पहले , महीने__के 1 दिन उपलब्ध__हो__जाते__हैं ."
"इस प्रकार , बैक कंट्री परमिट के सुरुवात मई से लेके और 1 जनवरी को उपलब्ध हो जाता है ।","इस प्रकार , बैक__कंट्री__परमिट__के सुरुवात मई__से लेके और 1 जनवरी__को उपलब्ध__हो__जाता__है ।"
फ़ैटम रैंच से जुड़े ब्राइट एंजल कैंपग्राउंड जैसे सबसे ज़्यादा लोकप्रिय इलाकों के लिए जगह आमतौर पर आरक्षण खोले जाने के पहले दिन मिलने वाले आवेदनों से ही भर जाती है .,फ़ैटम__रैंच__से जुड़े ब्राइट__एंजल__कैंपग्राउंड जैसे सबसे ज़्यादा लोकप्रिय इलाकों__के__लिए जगह आमतौर पर आरक्षण खोले__जाने__के पहले दिन मिलने__वाले आवेदनों__से ही भर__जाती__है .
"यहाँ पहले आओ , पहले पाओ के आधार पर वॉक - इन अनुरोधों के लिए सीमित संख्या में परमिट रिज़र्व किए गए हैं . कार से दक्षिणी अफ्रीका में प्रवेश करना सभी क्षेत्र की सुंदरता को देखने के साथ - साथ सामान्य पर्यटन मार्गों से हटकर अन्य स्थानों पर जाने का एक अद्भुत तरीका है ।","यहाँ पहले आओ , पहले पाओ__के आधार__पर वॉक - इन अनुरोधों__के__लिए सीमित संख्या__में परमिट रिज़र्व__किए__गए__हैं . कार__से दक्षिणी अफ्रीका__में प्रवेश करना सभी क्षेत्र__की सुंदरता__को देखने__के साथ - साथ सामान्य पर्यटन__मार्गों__से हटकर अन्य स्थानों__पर जाने__का एक अद्भुत तरीका है ।"
यह सावधानीपूर्वक योजना के साथ एक सामान्य कार में भी किया जा सकता है लेकिन 4x4 सबसे सही रहेगा और कई स्थान केवल एक ऊँचे व्हील - बेस 4x4 के साथ ही सुलभ हैं ।,यह सावधानीपूर्वक योजना__के__साथ एक सामान्य कार__में भी किया__जा__सकता__है लेकिन 4x4 सबसे सही रहेगा और कई स्थान केवल एक ऊँचे व्हील__-__बेस 4x4__के साथ ही सुलभ हैं ।
"योजना बनाते समय ध्यान रखें कि यद्यपि दक्षिण अफ़्रीका में शांति है , सभी पड़ोसी देशों में नहीं . वीज़ा के लिए ज़रूरी चीज़ें और इसका शुल्क हर देश के हिसाब से अलग - अलग होता है . यह इस बात पर भी निर्भर करता है कि आप किस देश से आए हैं .","योजना बनाते__समय ध्यान रखें कि यद्यपि दक्षिण__अफ़्रीका__में शांति है , सभी पड़ोसी देशों__में नहीं . वीज़ा__के__लिए ज़रूरी चीज़ें और इसका शुल्क हर देश__के हिसाब__से अलग - अलग होता__है . यह इस बात__पर भी निर्भर__करता__है कि आप किस देश__से आए__हैं ."
प्रत्येक देश के अपने अलग कानून होते हैं जो ये तय करती है की कार में कोनसी आपातकालीन वस्तुओं की आवश्यकता होती है ।,प्रत्येक देश__के अपने अलग कानून होते__हैं जो ये तय__करती__है की कार__में कोनसी आपातकालीन वस्तुओं__की आवश्यकता होती__है ।
"विक्टोरिया फ़ॉल्स ज़िम्बाब्वे के पश्चिमी भाग में एक शहर है , जो लिविंगस्टोन , ज़ाम्बिया और बोत्सवाना के पास की सीमा के पार है .","विक्टोरिया__फ़ॉल्स ज़िम्बाब्वे__के पश्चिमी भाग__में एक शहर है , जो लिविंगस्टोन , ज़ाम्बिया और बोत्सवाना__के पास__की सीमा__के पार है ."
"यह शहर झरने के बगल में स्थित है , और वे प्रमुख आकर्षण हैं , लेकिन यह लोकप्रिय पर्यटन स्थल जोखिम पसंद करने वालों और सैर - सपाटा करनेवाले , दोनों को लंबे समय तक ठहरने के ढेरों अवसर प्रदान करता है ।","यह शहर झरने__के बगल__में स्थित__है , और वे प्रमुख आकर्षण हैं , लेकिन यह लोकप्रिय पर्यटन__स्थल जोखिम पसंद__करने__वालों और सैर__-__सपाटा__करनेवाले , दोनों__को लंबे समय__तक ठहरने__के ढेरों अवसर प्रदान__करता__है ।"
बरसात के मौसम ( नवंबर से मार्च ) में पानी की मात्रा ज़्यादा होगी और झरने ज़्यादा मनमोहक दिखाई देंगे .,बरसात__के मौसम ( नवंबर__से मार्च ) में पानी__की मात्रा ज़्यादा होगी और झरने ज़्यादा मनमोहक दिखाई__देंगे .
"यदि आप पुल पार करेंगे या झरने के पास की घुमावदार पगडंडियों पर चलेंगे , तो आप अवश्य हीे भीग जाएंगे ।","यदि आप पुल पार__करेंगे या झरने__के पास__की घुमावदार पगडंडियों__पर चलेंगे , तो आप अवश्य हीे भीग__जाएंगे ।"
"दूसरी ओर , यह ठीक है क्योंकि पानी की मात्रा इतनी अधिक है कि आपके वास्तविक जलप्रपात का दृश्य अस्पष्ट हो जाएगा - सभी पानी से ! तूतनखामुन ( KV62 ) का मकबरा ।","दूसरी ओर , यह ठीक है क्योंकि पानी__की मात्रा इतनी अधिक है कि आपके वास्तविक जलप्रपात__का दृश्य अस्पष्ट हो__जाएगा - सभी पानी__से ! तूतनखामुन__( KV62__)__का मकबरा ।"
"घाटी में KV62 कब्रों में सबसे प्रसिद्ध हो सकता है , हावर्ड कार्टर के 1922 के युवा राजा के लगभग बरकरार शाही दफन की खोज का दृश्य ।","घाटी__में KV62 कब्रों__में सबसे प्रसिद्ध हो__सकता__है , हावर्ड__कार्टर__के 1922__के युवा राजा__के लगभग बरकरार शाही दफन__की खोज__का दृश्य ।"
"हालाँकि , अधिकांश अन्य शाही क़ब्रों की तुलना में तूतनखामन का मक़बरा बहुत छोटा और सीमित सजावट होने के कारण मुश्किल से देखने लायक है . ताबूत से निकालने की कोशिशों के दौरान ममी को हुए नुकसान का सबूत देखने में दिलचस्पी रखने वाला कोई भी व्यक्ति निराश होगा क्योंकि केवल सिर और कंधे ही दिखाई दे रहे . मक़बरे की शानदार मीनारें अब उसमें नहीं हैं , लेकिन इन्हें हटाकर कैरो के इज़िप्शियन म्यूज़ियम में रख दिया गया .","हालाँकि , अधिकांश अन्य शाही क़ब्रों__की तुलना__में तूतनखामन__का मक़बरा बहुत छोटा और सीमित सजावट होने__के कारण मुश्किल__से देखने__लायक है . ताबूत__से निकालने__की कोशिशों__के दौरान ममी__को हुए नुकसान__का सबूत देखने__में दिलचस्पी रखने__वाला कोई भी व्यक्ति निराश होगा क्योंकि केवल सिर और कंधे ही दिखाई__दे__रहे . मक़बरे__की शानदार मीनारें अब उसमें नहीं हैं , लेकिन इन्हें हटाकर कैरो__के इज़िप्शियन__म्यूज़ियम__में रख__दिया__गया ."
सीमित समय वाले आगंतुकों के लिए अपना समय कहीं और बिताना सबसे अच्छा होगा ।,सीमित समय__वाले आगंतुकों__के__लिए अपना समय कहीं और बिताना सबसे अच्छा होगा ।
"फ्नोम क्रोम , सिएम रीप के दक्षिण - पश्चिम में 12 किमी पर ।","फ्नोम__क्रोम , सिएम__रीप__के दक्षिण__- पश्चिम__में 12 किमी__पर ।"
यह पहाड़ी मंदिर 9वीं शताब्दी के अंत में राजा यसोवर्मन के शासनकाल के दौरान बनाया गया था ।,यह पहाड़ी मंदिर 9वीं शताब्दी__के अंत__में राजा__यसोवर्मन__के शासनकाल__के दौरान बनाया__गया__था ।
मंदिर का सूना वातावरण और टोनले सैप झील के ऊपर का दृश्य पहाड़ी की चढ़ाई को सार्थक बनाता है . झील की यात्रा के साथ साइट की यात्रा को सुविधाजनक रूप से जोड़ा जा सकता .,मंदिर__का सूना वातावरण और टोनले__सैप__झील__के ऊपर__का दृश्य पहाड़ी__की चढ़ाई__को सार्थक बनाता__है . झील__की यात्रा__के साथ साइट__की यात्रा__को सुविधाजनक रूप__से जोड़ा__जा__सकता .
"जब आप टोनले सेप की ओर बढ़ रहे हों , तो अपने साथ पासपोर्ट लाना न भूलें क्योंकि मंदिर में प्रवेश के लिए अंगकोर पास की ज़रूरत पड़ती है .","जब आप टोनले__सेप__की ओर बढ़__रहे__हों , तो अपने साथ पासपोर्ट लाना न भूलें क्योंकि मंदिर__में प्रवेश__के__लिए अंगकोर__पास__की ज़रूरत पड़ती__है ."
"यरुशलेम इज़रायल की राजधानी है और वहां का सबसे बड़ा शहर है , हालाँकि अधिकांश अन्य देश और संयुक्त राष्ट्र इसे इज़रायल की राजधानी के रूप में मान्यता नहीं देते हैं ।","यरुशलेम इज़रायल__की राजधानी है और वहां__का सबसे बड़ा शहर है , हालाँकि अधिकांश अन्य देश और संयुक्त राष्ट्र इसे इज़रायल__की राजधानी__के__रूप__में मान्यता नहीं देते__हैं ।"
जुडियन हिल्स के प्राचीन शहर में हज़ारों सालों से एक लुभावना इतिहास है .,जुडियन__हिल्स__के प्राचीन शहर__में हज़ारों सालों__से एक लुभावना इतिहास है .
"इस शहर के ज़्यादातर लोग तीन धर्मों में आस्था रखते हैं - यहूदी , ईसाई और इस्लाम . साथ ही , यह शहर आध्यात्मिक , धार्मिक और सांस्कृतिक केंद्र के रूप में भी मशहूर है . शहर के धार्मिक महत्व के कारण , और विशेष रूप से पुराने शहर क्षेत्र के कई स्थल , यरूशलेम इज़रायल के प्रमुख पर्यटन स्थलों में से एक है ।","इस शहर__के ज़्यादातर लोग तीन धर्मों__में आस्था रखते__हैं - यहूदी , ईसाई और इस्लाम . साथ ही , यह शहर आध्यात्मिक , धार्मिक और सांस्कृतिक केंद्र__के__रूप__में भी मशहूर है . शहर__के धार्मिक महत्व__के कारण , और विशेष रूप से पुराने शहर__क्षेत्र__के कई स्थल , यरूशलेम__इज़रायल__के प्रमुख पर्यटन__स्थलों__में__से एक है ।"
"यरुशलम में कई ऐतिहासिक , पुरातत्व और सांस्कृतिक स्थल , साथ ही जीवंत और भीड़ भरे शॉपिंग सेंटर , कैफ़े और रेस्तराँ भी हैं .","यरुशलम__में कई ऐतिहासिक , पुरातत्व और सांस्कृतिक स्थल , साथ ही जीवंत और भीड़ भरे शॉपिंग__सेंटर , कैफ़े और रेस्तराँ भी हैं ."
इक्वाडोर चाहता है कि क्यूबा के नागरिकों को अंतर्राष्ट्रीय हवाई अड्डों या सीमांत प्रवेश बिंदुओं से इक्वाडोर में प्रवेश करने से पहले एक आमंत्रण पत्र मिले .,इक्वाडोर चाहता__है कि क्यूबा__के नागरिकों__को अंतर्राष्ट्रीय हवाई__अड्डों या सीमांत प्रवेश__बिंदुओं__से इक्वाडोर__में प्रवेश करने__से पहले एक आमंत्रण पत्र मिले .
इस पत्र को इक्वाडोर के विदेश मंत्रालय द्वारा अधिकृत किया जाना चाहिए और कुछ ज़रूरतों का अनुपालन किया जाना चाहिए .,इस पत्र__को इक्वाडोर__के विदेश__मंत्रालय__द्वारा अधिकृत__किया__जाना__चाहिए और कुछ ज़रूरतों__का अनुपालन किया__जाना__चाहिए .
"ये अनिवार्यताएँ दो देशों के बीच व्यवस्थित प्रवासी प्रवाह के लिए डिज़ाइन की गई हैं . क्यूबा के नागरिक जो अमेरिका के ग्रीन कार्ड धारक हैं , उन्हें इस आवश्यकता से छूट प्राप्त करने के लिए इक्वाडोर के वाणिज्य दूतावास में जाना चाहिए ।","ये अनिवार्यताएँ दो देशों__के बीच व्यवस्थित प्रवासी__प्रवाह__के__लिए डिज़ाइन__की__गई__हैं . क्यूबा__के नागरिक जो अमेरिका__के ग्रीन__कार्ड__धारक हैं , उन्हें इस आवश्यकता__से छूट प्राप्त__करने__के__लिए इक्वाडोर__के वाणिज्य__दूतावास__में जाना__चाहिए ।"
आपका पासपोर्ट आपकी यात्रा की तिथि के बाद कम से कम 6 महीने तक के लिए वैध होना चाहिए . अपने रहने के दौरान आपको राउंड / ऑन वर्ड ट्रिप टिकिट दिखाने की ज़रूरत होती है .,आपका पासपोर्ट आपकी यात्रा__की तिथि__के बाद कम से कम 6 महीने__तक__के__लिए वैध__होना__चाहिए . अपने रहने__के दौरान आपको राउंड / ऑन वर्ड ट्रिप__टिकिट दिखाने__की ज़रूरत होती__है .
"बड़े समूहों के लिए यात्राएँ सस्ती हो जाती हैं , इसलिए अगर आप अकेले या सिर्फ़ किसी एक दोस्त के साथ यात्रा करते हैं , तो उस यात्रा में चार से छह लोगों को जोड़ने की कोशिश करें , ताकि आपको प्रति व्यक्ति के हिसाब से पड़ने वाला खर्च कम हो जाए .","बड़े समूहों__के__लिए यात्राएँ सस्ती हो__जाती__हैं , इसलिए अगर आप अकेले या सिर्फ़ किसी एक दोस्त__के साथ यात्रा करते__हैं , तो उस यात्रा__में चार से छह लोगों__को जोड़ने__की कोशिश करें , ताकि आपको प्रति व्यक्ति__के हिसाब__से पड़ने__वाला खर्च कम हो__जाए ."
"हालाँकि , यह आप के लिए कोई बहुत बड़ी चिंता की बात नहीं होनी चाहिए , क्योंकि अक्सर पर्यटकों को कारों में भरकर ले जाया जाता ।","हालाँकि , यह आप__के__लिए कोई बहुत बड़ी चिंता__की बात नहीं होनी__चाहिए , क्योंकि अक्सर पर्यटकों__को कारों__में भरकर ले__जाया__जाता ।"
ऐसा लगता है कि वास्तव में लोगों को यह विश्वास दिलाने का एक तरीका है कि उन्हें अधिक भुगतान करना होगा .,ऐसा लगता__है कि वास्तव__में लोगों__को यह विश्वास दिलाने__का एक तरीका है कि उन्हें अधिक भुगतान करना__होगा .
"यह माचू पिचू के उत्तरी छोर के ऊपर स्थित विशाल पर्वत है , जो अक्सर खंडहर की कई तस्वीरों की पृष्ठभूमि में दिखता है ।","यह माचू__पिचू__के उत्तरी छोर__के ऊपर स्थित विशाल पर्वत है , जो अक्सर खंडहर__की कई तस्वीरों__की पृष्ठभूमि__में दिखता__है ।"
"यह नीचे से थोड़ा कठिन लग रहा है , और यह एक कठिन चढ़ाई है , लेकिन सबसे बिल्कुल फ़िट व्यक्ति इसे लगभग 45 मिनट में चड़ सकता है . रास्ते में कई जगह पत्थर की सीढ़ियाँ रखी गई हैं और चढ़ाव वाले भागों में स्टील केबल एक सहायक रेलिंग प्रदान करते हैं .","यह नीचे__से थोड़ा कठिन लग__रहा__है , और यह एक कठिन चढ़ाई है , लेकिन सबसे बिल्कुल फ़िट__व्यक्ति इसे लगभग 45 मिनट__में चड़__सकता__है . रास्ते__में कई जगह पत्थर__की सीढ़ियाँ रखी__गई__हैं और चढ़ाव__वाले भागों__में स्टील__केबल एक सहायक रेलिंग प्रदान__करते__हैं ."
"इतना कहने के बाद , साँस में तकलीफ होने की उम्मीद रखें , और खड़े भागों में ध्यान रखें , विशेषकर जब गीले हों , क्योंकि यह जल्दी ही खतरनाक हो सकता है ।","इतना कहने__के बाद , साँस__में तकलीफ होने__की उम्मीद रखें , और खड़े भागों__में ध्यान रखें , विशेषकर जब गीले हों , क्योंकि यह जल्दी ही खतरनाक हो__सकता__है ।"
"शीर्ष के पास एक छोटी गुफ़ा है जिसे ऊपर से गुज़ारा जाना चाहिए , यह काफी कम है और एक बहुत छोटा निचोड़ है ।","शीर्ष__के पास एक छोटी गुफ़ा है जिसे ऊपर__से गुज़ारा__जाना__चाहिए , यह काफी कम है और एक बहुत छोटा निचोड़ है ।"
"गैलापागोस के दर्शनीय स्थलों और वन्यजीवों को सबसे अच्छे से नाव द्वारा देखा जा सकता , ठीक वैसे ही जैसे चार्ल्स डार्विन ने 1835 में किया था ।","गैलापागोस__के दर्शनीय स्थलों और वन्यजीवों__को सबसे अच्छे__से नाव__द्वारा देखा__जा__सकता , ठीक वैसे ही जैसे चार्ल्स__डार्विन__ने 1835__में किया__था ।"
60 से अधिक क्रूज़ जहाज गैलापागोस के जल सीमा क्षेत्र में लगे रहे - जिनका आकार 8 से 100 यात्रियों था ।,60 से अधिक क्रूज़ जहाज गैलापागोस__के जल__सीमा__क्षेत्र__में लगे__रहे - जिनका आकार 8 से 100 यात्रियों था ।
ज़्यादातर लोग अपनी जगह पहले से ही बुक कर लेते हैं ( क्योंकि बोट आम तौर पर पीक सीज़न के दौरान भरी होती हैं ) .,ज़्यादातर लोग अपनी जगह पहले__से ही बुक__कर__लेते__हैं ( क्योंकि बोट आम तौर__पर पीक__सीज़न__के दौरान भरी__होती__हैं ) .
"इस बात में पूरी तरह निश्चिंत हो जाएँ कि आपने जिस एजेंट के जरिये बुक किया है , वह जहाजों की कई किस्मों के अच्छे ज्ञान के साथ एक गैलापागोस का विशेषज्ञ है .","इस बात__में पूरी तरह निश्चिंत हो__जाएँ कि आपने जिस एजेंट__के जरिये बुक__किया__है , वह जहाजों__की कई किस्मों__के अच्छे ज्ञान__के साथ एक गैलापागोस__का विशेषज्ञ है ."
"यह सुनिश्चित करेगा कि आपके खास हित और / या समस्याएं जहाज से मेल करें जो उनके सबसे उपयुक्त हो | 16 वीं शताब्दी में स्पेनी लोगों के आने से पहले , उत्तरी चिली इंका के अधीन था , जबकि स्वदेशी अरुकेनियन ( मापुचे ) मध्य और दक्षिणी चिली में बसे हुए थे ।","यह सुनिश्चित__करेगा कि आपके खास हित और / या समस्याएं जहाज__से मेल करें जो उनके सबसे उपयुक्त हो | 16 वीं शताब्दी__में स्पेनी लोगों__के आने__से पहले , उत्तरी चिली इंका__के अधीन था , जबकि स्वदेशी अरुकेनियन ( मापुचे ) मध्य और दक्षिणी चिली__में बसे__हुए थे ।"
मापुचे भी अमेरिका के स्थानीय अंतिम स्वतंत्र समूहों में से एक था . इस समूह ने चिली के आज़ाद होने के बाद तक पूरी तरह स्पेनी शासन की आधीनता स्वीकार नहीं की थी .,मापुचे भी अमेरिका__के स्थानीय अंतिम स्वतंत्र समूहों__में__से एक था . इस समूह__ने चिली__के आज़ाद__होने__के बाद तक पूरी तरह स्पेनी शासन__की आधीनता स्वीकार नहीं की थी .
"हालाँकि 1810 में ( नेपोलियन के युद्ध के बीच जिसने कई सालों तक स्पेन को बिना केंद्र सरकार के काम करने लायक बना दिया था ) चिली को स्वतंत्र घोषित कर दिया गया , लेकिन 1818 तक स्पेन पर निर्णायक जीत हासिल नहीं हुई थी . डोमिनिकन गणराज्य ( स्पैनिश भाषा में : República Dominicana ) एक करैबियाई देश है . डोमिनिकन गणराज्य और हैती का संयुक्त रूप से हिस्पैनियोला आइलैंड के पूर्वी क्षेत्र पर अधिकार है .","हालाँकि 1810__में ( नेपोलियन__के युद्ध__के बीच जिसने कई सालों__तक स्पेन__को बिना केंद्र__सरकार__के काम करने__लायक बना__दिया__था ) चिली__को स्वतंत्र घोषित__कर__दिया__गया , लेकिन 1818__तक स्पेन__पर निर्णायक जीत हासिल नहीं हुई थी . डोमिनिकन__गणराज्य ( स्पैनिश भाषा__में : República Dominicana ) एक करैबियाई देश है . डोमिनिकन__गणराज्य और हैती__का संयुक्त रूप__से हिस्पैनियोला__आइलैंड__के पूर्वी क्षेत्र__पर अधिकार है ."
"सफ़ेद रेत वाले समुद्र तटों और पर्वत के प्राकृतिक दृश्यों के अलावा , अमेरिका में यह देश सबसे पुराने यूरोपीय शहर है , जो अब सेंटो डोमिंगो का हिस्सा है .","सफ़ेद रेत__वाले समुद्र__तटों और पर्वत__के प्राकृतिक दृश्यों__के अलावा , अमेरिका__में यह देश सबसे पुराने यूरोपीय शहर है , जो अब सेंटो__डोमिंगो__का हिस्सा है ."
"इस आइलैंड पर पहले टाइनोस और कैरिबीज़ लोग रहते थे . कैरिबीज़ लोग अरवाकन भाषा बोलते थे और वे 10,000 ईसा पूर्व आए थे .","इस आइलैंड__पर पहले टाइनोस और कैरिबीज़ लोग रहते__थे . कैरिबीज़ लोग अरवाकन भाषा बोलते__थे और वे 10,000 ईसा पूर्व आए__थे ."
"यूरोपीय खोजकर्ताओं के आने के बाद कुछ ही सालों में , स्पेनिश विजेता द्वारा टेनोस की आबादी काफी कम कर दी गई .","यूरोपीय खोजकर्ताओं__के आने__के बाद कुछ ही सालों__में , स्पेनिश विजेता__द्वारा टेनोस__की आबादी काफी कम__कर__दी__गई ."
"1492 और 1498 के बीच डी लास कासेस ( लास इंडियाज़ ) पर आधारित , स्पेनिश विजेता ने लगभग 100,000 टिएनोस को मार डाला था . डे ला यूनियन , इस स्थान को 17 वीं शताब्दी के कॉन्वेंट के लिए एट्रियम के रूप में बनाया गया था , जिसमें से डे सैन डिएगो एकमात्र इमारत बची है ।","1492 और 1498__के बीच डी__लास__कासेस ( लास__इंडियाज़ ) पर आधारित , स्पेनिश विजेता__ने लगभग 100,000 टिएनोस__को मार__डाला__था . डे__ला__यूनियन , इस स्थान__को 17 वीं शताब्दी__के कॉन्वेंट__के__लिए एट्रियम__के__रूप__में बनाया__गया__था , जिसमें__से डे__सैन__डिएगो एकमात्र इमारत बची__है ।"
"अब यह केंद्रीय प्लाजा के रूप में कार्य करता है , और जहा दिन और रात बहुत सारी काम चलते हैं | बगीचे के आस - पास कई रेस्तरां हैं . यहाँ के सेंट्रल पार्क गेज़बो में अक्सर दोपहर और शाम को मुफ़्त में संगीत के कार्यक्रम आयोजित किए जाते हैं . Callejon del Beso ( चुंबन की गली ) ।","अब यह केंद्रीय प्लाजा__के__रूप__में कार्य करता__है , और जहा दिन और रात बहुत सारी काम चलते__हैं | बगीचे__के आस - पास कई रेस्तरां हैं . यहाँ__के सेंट्रल__पार्क__गेज़बो__में अक्सर दोपहर और शाम__को मुफ़्त__में संगीत__के कार्यक्रम आयोजित__किए__जाते__हैं . Callejon__del__Beso ( चुंबन__की__गली ) ।"
"दो छज्जे जो कि सिर्फ आपस में 69 सेन्टीमीटर्स की दूरी पर हैं , एक पुरानी प्रेम कथा का घर हैं ।","दो छज्जे जो कि सिर्फ आपस__में 69 सेन्टीमीटर्स__की दूरी__पर हैं , एक पुरानी प्रेम__कथा__का घर हैं ।"
चंद रुपयों के लिए कुछ बच्चे आपको कहानी सुनाएँगे ।,चंद रुपयों__के__लिए कुछ बच्चे आपको कहानी सुनाएँगे ।
"बोवेन द्वीप एक लोकप्रिय एक दिन की यात्रा या सप्ताहित तौर पर घूमने के लिए बहुत अच्छा है , जो कयाकिंग , लंबी पैदल यात्रा , दुकानें , रेस्तरां और बहुत कुछ प्रदान करता है ।","बोवेन__द्वीप एक लोकप्रिय एक दिन__की यात्रा या सप्ताहित तौर__पर घूमने__के__लिए बहुत अच्छा है , जो कयाकिंग , लंबी पैदल यात्रा , दुकानें , रेस्तरां और बहुत कुछ प्रदान__करता__है ।"
"यह प्रामाणिक समुदाय वैंकूवर के ठीक बाहर हॉवे साउंड में स्थित है , और वैंकूवर शहर में ग्रानविले द्वीप जाने वाले निर्धारित वाटर टैक्सियों के माध्यम से आसानी से पहुँचा जा सकता .","यह प्रामाणिक समुदाय वैंकूवर__के ठीक बाहर हॉवे__साउंड__में स्थित है , और वैंकूवर__शहर__में ग्रानविले__द्वीप जाने__वाले निर्धारित वाटर__टैक्सियों__के माध्यम__से आसानी से पहुँचा__जा__सकता ."
"जो आउटडोर एक्टिविटीज़ पसंद करते हैं , उनके लिए टू स्काय कोरिडोर में ट्रैकअप अनिवार्य है .","जो आउटडोर एक्टिविटीज़ पसंद__करते__हैं , उनके लिए टू__स्काय__कोरिडोर__में ट्रैकअप अनिवार्य है ."
"व्हिस्लर ( वैंकूवर से 1.5 घंटे ड्राइव की दूरी पर ) 2010 के विंटर ओलंपिक की वजह से काफ़ी मशहूर हुआ . सर्दियों में , उत्तरी अमेरिका में बेहतरीन स्कीइंग , और गर्मियों में माउंटेन बाइकिंग का आनंद लें .","व्हिस्लर ( वैंकूवर__से 1.5 घंटे ड्राइव__की दूरी__पर ) 2010__के विंटर__ओलंपिक__की वजह__से काफ़ी मशहूर__हुआ . सर्दियों__में , उत्तरी अमेरिका__में बेहतरीन स्कीइंग , और गर्मियों__में माउंटेन__बाइकिंग__का आनंद लें ."
परमिट पहले से आरक्षित होने चाहिए ।,परमिट पहले__से आरक्षित__होने__चाहिए ।
सिरेना में रात भर रहने के लिए आपके पास अनुमति होनी चाहिए ।,सिरेना__में रात भर रहने__के__लिए आपके पास अनुमति होनी__चाहिए ।
सायरेना एक मात्र रेंजर स्टेशन है जो कैंपिंग के अलावा शयनागार आवास और गर्म भोजन प्रदान करता है ।,सायरेना एक मात्र रेंजर__स्टेशन है जो कैंपिंग__के अलावा शयनागार आवास और गर्म भोजन प्रदान__करता__है ।
"ला लियोना , सैन पेड्रिलो , और लॉस पैटोज बिना किसी खाद्य सेवा के केवल कैंपिंग प्रदान करते हैं ।","ला__लियोना , सैन__पेड्रिलो , और लॉस__पैटोज बिना किसी खाद्य__सेवा__के केवल कैंपिंग प्रदान__करते__हैं ।"
"सीधे प्यूर्टो जिमेनेज़ के रेंजर स्टेशन से पार्क परमिट लिया जा सकता है . हालाँकि , वे क्रेडिट कार्ड स्वीकार नहीं करते हैं . पार्क सेवा ( MINAE ) अपेक्षित आगमन से एक महीने से ज़्यादा पहले पार्क परमिट जारी नहीं करता है . कैफ़ेनेट एल सोल 30 अमेरिकन डॉलर एक दिन के लिए या आरक्षण सेवा प्रदान करने के लिए 10 अमेरिकन डॉलर लेता है ; उनके Corcovado पृष्ठ पर पूरा विवरण दिया हुआ है ।","सीधे प्यूर्टो__जिमेनेज़__के रेंजर__स्टेशन__से पार्क__परमिट लिया__जा__सकता__है . हालाँकि , वे क्रेडिट__कार्ड स्वीकार नहीं करते__हैं . पार्क__सेवा__( MINAE ) अपेक्षित आगमन__से एक महीने__से ज़्यादा पहले पार्क__परमिट जारी नहीं करता है . कैफ़ेनेट__एल__सोल 30 अमेरिकन डॉलर एक दिन__के__लिए या आरक्षण__सेवा प्रदान__करने__के__लिए 10 अमेरिकन डॉलर लेता__है ; उनके Corcovado__पृष्ठ__पर पूरा विवरण दिया__हुआ__है ।"
